cveId,vendor,product,cvss,severity,kev,patchAvailable,titleZh,titleEn
CVE-2025-29824,Microsoft,Windows CLFS,7.8,HIGH,true,true,Windows CLFS 权限提升漏洞,Windows CLFS elevation of privilege vulnerability
CVE-2025-33053,Microsoft,Windows WebDAV,8.8,HIGH,true,true,Windows WebDAV 远程代码执行漏洞,Windows WebDAV remote code execution vulnerability
CVE-2025-53770,Microsoft,SharePoint,9.8,CRITICAL,true,true,SharePoint Server 远程代码执行漏洞,SharePoint Server remote code execution vulnerability
CVE-2025-53771,Microsoft,SharePoint,7.5,HIGH,true,true,SharePoint Server 路径遍历漏洞,SharePoint Server path traversal vulnerability
CVE-2025-24813,Apache,Tomcat,9.8,CRITICAL,true,true,Apache Tomcat 文件写入与代码执行漏洞,Apache Tomcat file write and code execution vulnerability
CVE-2024-6387,OpenSSH,OpenSSH,8.1,HIGH,true,true,OpenSSH regreSSHion 远程代码执行漏洞,OpenSSH regreSSHion remote code execution vulnerability
CVE-2024-6386,OpenSSH,OpenSSH,5.5,MEDIUM,false,true,OpenSSH 信号处理拒绝服务漏洞,OpenSSH signal handling denial of service vulnerability
CVE-2024-5535,OpenSSL,OpenSSL,9.1,CRITICAL,false,true,OpenSSL 缓冲区越界访问漏洞,OpenSSL buffer out-of-bounds access vulnerability
CVE-2024-23897,Jenkins,Jenkins,9.8,CRITICAL,true,true,Jenkins CLI 任意文件读取漏洞,Jenkins CLI arbitrary file read vulnerability
CVE-2024-21762,Fortinet,FortiOS,9.6,CRITICAL,true,true,FortiOS SSL VPN 越界写入漏洞,FortiOS SSL VPN out-of-bounds write vulnerability
CVE-2024-4577,PHP,PHP CGI,9.8,CRITICAL,true,true,PHP CGI 参数注入远程代码执行漏洞,PHP CGI argument injection remote code execution vulnerability
CVE-2024-38812,VMware,Spring Framework,9.1,CRITICAL,false,true,Spring Framework 路径遍历漏洞,Spring Framework path traversal vulnerability
CVE-2024-1086,Linux Kernel,Kernel,7.8,HIGH,true,true,Linux Kernel nftables 权限提升漏洞,Linux Kernel nftables privilege escalation vulnerability
CVE-2024-49112,Microsoft,Windows LDAP,9.8,CRITICAL,false,true,Windows LDAP 远程代码执行漏洞,Windows LDAP remote code execution vulnerability
CVE-2024-38063,Microsoft,Windows TCP/IP,9.8,CRITICAL,false,true,Windows TCP/IP 远程代码执行漏洞,Windows TCP/IP remote code execution vulnerability
CVE-2024-49138,Microsoft,Windows CLFS,7.8,HIGH,true,true,Windows CLFS 权限提升漏洞,Windows CLFS privilege escalation vulnerability
CVE-2024-43451,Microsoft,Windows,6.5,MEDIUM,true,true,Windows NTLM 哈希泄露漏洞,Windows NTLM hash disclosure vulnerability
CVE-2024-3094,Red Hat,xz Utils,10.0,CRITICAL,true,true,xz Utils 供应链后门漏洞,xz Utils supply-chain backdoor vulnerability
CVE-2024-3400,Palo Alto Networks,PAN-OS,10.0,CRITICAL,true,true,PAN-OS GlobalProtect 命令注入漏洞,PAN-OS GlobalProtect command injection vulnerability
CVE-2024-27198,JetBrains,TeamCity,9.8,CRITICAL,true,true,TeamCity 身份验证绕过漏洞,TeamCity authentication bypass vulnerability
CVE-2023-4966,Citrix,NetScaler ADC,9.4,CRITICAL,true,true,CitrixBleed 会话令牌泄露漏洞,CitrixBleed session token disclosure vulnerability
CVE-2023-3519,Citrix,NetScaler ADC,9.8,CRITICAL,true,true,NetScaler ADC 未认证远程代码执行漏洞,NetScaler ADC unauthenticated remote code execution vulnerability
CVE-2023-38545,cURL,curl,9.8,CRITICAL,false,true,curl SOCKS5 堆缓冲区溢出漏洞,curl SOCKS5 heap buffer overflow vulnerability
CVE-2023-22518,Atlassian,Confluence,10.0,CRITICAL,true,true,Confluence 身份验证绕过漏洞,Confluence authentication bypass vulnerability
CVE-2023-42793,JetBrains,TeamCity,9.8,CRITICAL,true,true,TeamCity 身份验证绕过漏洞,TeamCity authentication bypass vulnerability
CVE-2023-0465,OpenSSL,OpenSSL,3.7,LOW,false,true,OpenSSL 证书策略校验漏洞,OpenSSL certificate policy validation vulnerability
CVE-2022-0778,OpenSSL,OpenSSL,5.3,MEDIUM,false,true,OpenSSL BN_mod_sqrt 拒绝服务漏洞,OpenSSL BN_mod_sqrt denial of service vulnerability
CVE-2022-22965,VMware,Spring Framework,9.8,CRITICAL,true,true,Spring4Shell 远程代码执行漏洞,Spring4Shell remote code execution vulnerability
CVE-2022-26134,Atlassian,Confluence,9.8,CRITICAL,true,true,Confluence OGNL 注入漏洞,Confluence OGNL injection vulnerability
CVE-2022-41040,Microsoft,Exchange Server,8.8,HIGH,true,true,Exchange ProxyNotShell 服务端请求伪造漏洞,Exchange ProxyNotShell server-side request forgery vulnerability
CVE-2022-41082,Microsoft,Exchange Server,8.8,HIGH,true,true,Exchange ProxyNotShell 远程代码执行漏洞,Exchange ProxyNotShell remote code execution vulnerability
CVE-2021-44228,Apache,Log4j,10.0,CRITICAL,true,true,Log4Shell 远程代码执行漏洞,Log4Shell remote code execution vulnerability
CVE-2021-26855,Microsoft,Exchange Server,9.8,CRITICAL,true,true,Exchange ProxyLogon 服务端请求伪造漏洞,Exchange ProxyLogon server-side request forgery vulnerability
CVE-2021-41773,Apache,HTTP Server,7.5,HIGH,true,true,Apache HTTP Server 路径遍历漏洞,Apache HTTP Server path traversal vulnerability
CVE-2021-42013,Apache,HTTP Server,9.8,CRITICAL,true,true,Apache HTTP Server 路径遍历与远程代码执行漏洞,Apache HTTP Server path traversal and remote code execution vulnerability
